{"Index": "399001.SZ", "Date": "2017-09-25", "Open": 11054.25977, "High": 11056.66016, "Low": 10911.03027, "Close": 10930.66992, "Adj Close": 10930.62695, "Volume": 92900.0, "CloseUSD": 1748.9071872000002}